{"loss": [0.7452275156974792, 0.27785050868988037, 0.24471807479858398, 0.23381057381629944, 0.2273109406232834, 0.2236413061618805, 0.21898965537548065, 0.21478666365146637, 0.21574696898460388, 0.21439233422279358, 0.21008463203907013, 0.20967130362987518, 0.20722058415412903, 0.20739050209522247, 0.2062278538942337], "accuracy": [0.7483352422714233, 0.9003444314002991, 0.9117106795310974, 0.9163030982017517, 0.9165326952934265, 0.918369710445404, 0.919288158416748, 0.9243398308753967, 0.9227324724197388, 0.9213547706604004, 0.9231917262077332, 0.9230769276618958, 0.9252583384513855, 0.9226176738739014, 0.9245694875717163], "val_loss": [0.30734172463417053, 0.24157513678073883, 0.2245512157678604, 0.22157038748264313, 0.2198379933834076, 0.21061420440673828, 0.2052934765815735, 0.2083398699760437, 0.20312611758708954, 0.20294788479804993, 0.2054835855960846, 0.2152881771326065, 0.21207675337791443, 0.2036864310503006, 0.2047749012708664], "val_accuracy": [0.8976125121116638, 0.9136822819709778, 0.9219467639923096, 0.9224058985710144, 0.918732762336731, 0.9256198406219482, 0.9274563789367676, 0.9219467639923096, 0.9210284948348999, 0.9269972443580627, 0.9256198406219482, 0.9233241677284241, 0.9283746480941772, 0.9274563789367676, 0.9306703209877014]}