{"loss": [0.7382487654685974, 0.27714428305625916, 0.24212616682052612, 0.22970901429653168, 0.2220383584499359, 0.2205582559108734, 0.21986103057861328, 0.21483877301216125, 0.21179841458797455, 0.20954622328281403, 0.20934927463531494, 0.20762410759925842, 0.20673321187496185, 0.20514750480651855, 0.2054193913936615, 0.2014840990304947, 0.2018960863351822, 0.20066164433956146, 0.20102885365486145, 0.19714313745498657, 0.1964154988527298, 0.196754589676857, 0.19664260745048523, 0.194654181599617, 0.19547729194164276, 0.19572196900844574, 0.1914304941892624, 0.1930510401725769, 0.192203551530838, 0.19187140464782715, 0.19315963983535767, 0.18971124291419983, 0.1894104778766632, 0.18933752179145813, 0.1900588572025299, 0.18719564378261566, 0.18744409084320068, 0.18885524570941925, 0.18801532685756683, 0.18591390550136566, 0.18623441457748413, 0.1845022737979889, 0.1854376643896103, 0.18562044203281403, 0.18549039959907532, 0.18358688056468964, 0.1835605800151825, 0.18050527572631836, 0.1814272105693817, 0.18380168080329895], "accuracy": [0.7758897542953491, 0.9041332006454468, 0.9107921719551086, 0.9167623519897461, 0.9194029569625854, 0.9199770092964172, 0.9227324724197388, 0.9227324724197388, 0.9216992259025574, 0.9257175922393799, 0.9265212416648865, 0.9250286817550659, 0.9238805770874023, 0.9239954352378845, 0.9227324724197388, 0.9264064431190491, 0.9258323907852173, 0.9259471893310547, 0.9258323907852173, 0.9272100925445557, 0.9266360402107239, 0.9285878539085388, 0.9282433986663818, 0.9278989434242249, 0.9277841448783875, 0.928932249546051, 0.9291619062423706, 0.9260619878768921, 0.9270952939987183, 0.9281286001205444, 0.9290470480918884, 0.930195152759552, 0.9287026524543762, 0.9295063018798828, 0.9285878539085388, 0.9293915033340454, 0.9321469664573669, 0.9275545477867126, 0.9282433986663818, 0.9304248094558716, 0.9300803542137146, 0.9313432574272156, 0.9304248094558716, 0.9312284588813782, 0.9309988617897034, 0.9335246682167053, 0.9309988617897034, 0.9332950711250305, 0.930539608001709, 0.930884063243866], "val_loss": [0.31836938858032227, 0.24450722336769104, 0.23550580441951752, 0.21487970650196075, 0.21257519721984863, 0.21355077624320984, 0.21117517352104187, 0.22485102713108063, 0.21910440921783447, 0.21009598672389984, 0.21663683652877808, 0.20699577033519745, 0.20647244155406952, 0.20676034688949585, 0.21018974483013153, 0.20051538944244385, 0.20525912940502167, 0.2077309638261795, 0.2062985599040985, 0.2025475800037384, 0.2011207938194275, 0.20988978445529938, 0.2066674381494522, 0.20180989801883698, 0.2040281444787979, 0.20219752192497253, 0.20457272231578827, 0.20010192692279816, 0.20347043871879578, 0.20438548922538757, 0.20453456044197083, 0.20271462202072144, 0.19921943545341492, 0.20355118811130524, 0.21689951419830322, 0.2025972455739975, 0.20250427722930908, 0.20953896641731262, 0.20116236805915833, 0.21043109893798828, 0.20628684759140015, 0.224263995885849, 0.209133580327034, 0.20297449827194214, 0.2151893973350525, 0.2144787460565567, 0.19837817549705505, 0.20363105833530426, 0.22863760590553284, 0.20607781410217285], "val_accuracy": [0.9022038578987122, 0.9146005511283875, 0.9205693006515503, 0.9205693006515503, 0.9256198406219482, 0.9224058985710144, 0.9205693006515503, 0.9251607060432434, 0.9247015714645386, 0.9260789752006531, 0.9150596857070923, 0.9288337826728821, 0.9260789752006531, 0.9224058985710144, 0.9201101660728455, 0.9302111864089966, 0.9210284948348999, 0.9247015714645386, 0.9292929172515869, 0.9219467639923096, 0.9279155135154724, 0.9256198406219482, 0.9205693006515503, 0.9306703209877014, 0.9265381097793579, 0.9228650331497192, 0.9260789752006531, 0.9260789752006531, 0.9242424368858337, 0.9283746480941772, 0.9329660534858704, 0.9201101660728455, 0.9325068593025208, 0.9279155135154724, 0.9196510314941406, 0.9260789752006531, 0.9288337826728821, 0.9205693006515503, 0.9302111864089966, 0.9210284948348999, 0.9320477247238159, 0.913223147392273, 0.9247015714645386, 0.9265381097793579, 0.9274563789367676, 0.915977954864502, 0.9269972443580627, 0.9269972443580627, 0.9123048782348633, 0.9251607060432434]}