{"loss": [0.48134326934814453, 0.2557230591773987, 0.2380141317844391, 0.23035870492458344, 0.22569915652275085, 0.22132287919521332, 0.21932177245616913, 0.2164289802312851, 0.21183380484580994, 0.2121448516845703, 0.2093786895275116, 0.2086782604455948, 0.20610685646533966, 0.2058485597372055], "accuracy": [0.859816312789917, 0.9143513441085815, 0.9164178967475891, 0.9181400537490845, 0.9199770092964172, 0.9190585613250732, 0.9213547706604004, 0.9197474122047424, 0.9215843677520752, 0.9216992259025574, 0.9219288229942322, 0.9223880767822266, 0.9254879355430603, 0.9237657785415649], "val_loss": [0.25485894083976746, 0.23252862691879272, 0.2164989411830902, 0.22359834611415863, 0.2294764220714569, 0.20539982616901398, 0.20766450464725494, 0.20860300958156586, 0.20393899083137512, 0.20453032851219177, 0.21643587946891785, 0.2053072303533554, 0.21955852210521698, 0.22134707868099213], "val_accuracy": [0.9201101660728455, 0.9191918969154358, 0.9247015714645386, 0.9196510314941406, 0.9155188202857971, 0.9274563789367676, 0.9233241677284241, 0.9247015714645386, 0.9297520518302917, 0.9292929172515869, 0.9201101660728455, 0.9233241677284241, 0.915977954864502, 0.9214876294136047]}